<annotation>
	<folder>C:/Users/NeosEnom/Downloads/New folder/images</folder>
	<filename>Japan_000051.jpg</filename>
	<path>C:/Users/NeosEnom/Downloads/New folder/images/Japan_000051.jpg</path>
	<source>
		<database>unknown</database>
	</source>
	<size>
		<width>600</width>
		<height>600</height>
		<depth>3</depth>
	</size>
	<segmented>0</segmented>
	<object>
		<name>rusakringan</name>
		<pose>Unspecified</pose>
		<truncated>0</truncated>
		<difficult>0</difficult>
		<bndbox>
			<xmin>439</xmin>
			<ymin>205</ymin>
			<xmax>558</xmax>
			<ymax>311</ymax>
		</bndbox>
	</object>
	<object>
		<name>rusakringan</name>
		<pose>Unspecified</pose>
		<truncated>0</truncated>
		<difficult>0</difficult>
		<bndbox>
			<xmin>253</xmin>
			<ymin>431</ymin>
			<xmax>424</xmax>
			<ymax>525</ymax>
		</bndbox>
	</object>
</annotation>