<annotation>
	<folder>C:/Users/NeosEnom/Downloads/New folder/images</folder>
	<filename>Japan_000033.jpg</filename>
	<path>C:/Users/NeosEnom/Downloads/New folder/images/Japan_000033.jpg</path>
	<source>
		<database>unknown</database>
	</source>
	<size>
		<width>600</width>
		<height>600</height>
		<depth>3</depth>
	</size>
	<segmented>0</segmented>
	<object>
		<name>rusakberat</name>
		<pose>Unspecified</pose>
		<truncated>0</truncated>
		<difficult>0</difficult>
		<bndbox>
			<xmin>293</xmin>
			<ymin>311</ymin>
			<xmax>382</xmax>
			<ymax>354</ymax>
		</bndbox>
	</object>
</annotation>