<annotation>
	<folder>C:/Users/NeosEnom/Downloads/New folder/images</folder>
	<filename>Japan_000015.jpg</filename>
	<path>C:/Users/NeosEnom/Downloads/New folder/images/Japan_000015.jpg</path>
	<source>
		<database>unknown</database>
	</source>
	<size>
		<width>600</width>
		<height>600</height>
		<depth>3</depth>
	</size>
	<segmented>0</segmented>
	<object>
		<name>rusakringan</name>
		<pose>Unspecified</pose>
		<truncated>0</truncated>
		<difficult>0</difficult>
		<bndbox>
			<xmin>145</xmin>
			<ymin>161</ymin>
			<xmax>470</xmax>
			<ymax>548</ymax>
		</bndbox>
	</object>
</annotation>