<annotation>
	<folder>C:/Users/NeosEnom/Downloads/New folder/images</folder>
	<filename>Japan_000042.jpg</filename>
	<path>C:/Users/NeosEnom/Downloads/New folder/images/Japan_000042.jpg</path>
	<source>
		<database>unknown</database>
	</source>
	<size>
		<width>600</width>
		<height>600</height>
		<depth>3</depth>
	</size>
	<segmented>0</segmented>
	<object>
		<name>rusakringan</name>
		<pose>Unspecified</pose>
		<truncated>0</truncated>
		<difficult>0</difficult>
		<bndbox>
			<xmin>3</xmin>
			<ymin>486</ymin>
			<xmax>539</xmax>
			<ymax>568</ymax>
		</bndbox>
	</object>
	<object>
		<name>rusaksedang</name>
		<pose>Unspecified</pose>
		<truncated>0</truncated>
		<difficult>0</difficult>
		<bndbox>
			<xmin>214</xmin>
			<ymin>206</ymin>
			<xmax>552</xmax>
			<ymax>335</ymax>
		</bndbox>
	</object>
	<object>
		<name>rusaksedang</name>
		<pose>Unspecified</pose>
		<truncated>0</truncated>
		<difficult>0</difficult>
		<bndbox>
			<xmin>327</xmin>
			<ymin>165</ymin>
			<xmax>435</xmax>
			<ymax>200</ymax>
		</bndbox>
	</object>
</annotation>