<annotation>
	<folder>C:/Users/NeosEnom/Downloads/New folder/images</folder>
	<filename>Japan_000025.jpg</filename>
	<path>C:/Users/NeosEnom/Downloads/New folder/images/Japan_000025.jpg</path>
	<source>
		<database>unknown</database>
	</source>
	<size>
		<width>600</width>
		<height>600</height>
		<depth>3</depth>
	</size>
	<segmented>0</segmented>
	<object>
		<name>rusaksedang</name>
		<pose>Unspecified</pose>
		<truncated>0</truncated>
		<difficult>0</difficult>
		<bndbox>
			<xmin>90</xmin>
			<ymin>418</ymin>
			<xmax>582</xmax>
			<ymax>600</ymax>
		</bndbox>
	</object>
	<object>
		<name>rusakberat</name>
		<pose>Unspecified</pose>
		<truncated>0</truncated>
		<difficult>0</difficult>
		<bndbox>
			<xmin>2</xmin>
			<ymin>282</ymin>
			<xmax>73</xmax>
			<ymax>396</ymax>
		</bndbox>
	</object>
</annotation>