<annotation>
	<folder>C:/Users/NeosEnom/Downloads/New folder/images</folder>
	<filename>Japan_000003.jpg</filename>
	<path>C:/Users/NeosEnom/Downloads/New folder/images/Japan_000003.jpg</path>
	<source>
		<database>unknown</database>
	</source>
	<size>
		<width>600</width>
		<height>600</height>
		<depth>3</depth>
	</size>
	<segmented>0</segmented>
	<object>
		<name>rusakringan</name>
		<pose>Unspecified</pose>
		<truncated>0</truncated>
		<difficult>0</difficult>
		<bndbox>
			<xmin>154</xmin>
			<ymin>400</ymin>
			<xmax>379</xmax>
			<ymax>597</ymax>
		</bndbox>
	</object>
	<object>
		<name>rusakringan</name>
		<pose>Unspecified</pose>
		<truncated>0</truncated>
		<difficult>0</difficult>
		<bndbox>
			<xmin>391</xmin>
			<ymin>486</ymin>
			<xmax>453</xmax>
			<ymax>596</ymax>
		</bndbox>
	</object>
	<object>
		<name>rusakringan</name>
		<pose>Unspecified</pose>
		<truncated>0</truncated>
		<difficult>0</difficult>
		<bndbox>
			<xmin>465</xmin>
			<ymin>502</ymin>
			<xmax>546</xmax>
			<ymax>598</ymax>
		</bndbox>
	</object>
</annotation>