<annotation>
	<folder>C:/Users/NeosEnom/Downloads/New folder/images</folder>
	<filename>Japan_000002.jpg</filename>
	<path>C:/Users/NeosEnom/Downloads/New folder/images/Japan_000002.jpg</path>
	<source>
		<database>unknown</database>
	</source>
	<size>
		<width>600</width>
		<height>600</height>
		<depth>3</depth>
	</size>
	<segmented>0</segmented>
	<object>
		<name>rusakringan</name>
		<pose>Unspecified</pose>
		<truncated>0</truncated>
		<difficult>0</difficult>
		<bndbox>
			<xmin>144</xmin>
			<ymin>373</ymin>
			<xmax>222</xmax>
			<ymax>413</ymax>
		</bndbox>
	</object>
	<object>
		<name>rusakringan</name>
		<pose>Unspecified</pose>
		<truncated>0</truncated>
		<difficult>0</difficult>
		<bndbox>
			<xmin>238</xmin>
			<ymin>377</ymin>
			<xmax>317</xmax>
			<ymax>409</ymax>
		</bndbox>
	</object>
	<object>
		<name>rusakringan</name>
		<pose>Unspecified</pose>
		<truncated>0</truncated>
		<difficult>0</difficult>
		<bndbox>
			<xmin>450</xmin>
			<ymin>397</ymin>
			<xmax>497</xmax>
			<ymax>425</ymax>
		</bndbox>
	</object>
</annotation>