<annotation>
	<folder>C:/Users/NeosEnom/Downloads/New folder/images</folder>
	<filename>Japan_000041.jpg</filename>
	<path>C:/Users/NeosEnom/Downloads/New folder/images/Japan_000041.jpg</path>
	<source>
		<database>unknown</database>
	</source>
	<size>
		<width>600</width>
		<height>600</height>
		<depth>3</depth>
	</size>
	<segmented>0</segmented>
	<object>
		<name>rusakringan</name>
		<pose>Unspecified</pose>
		<truncated>0</truncated>
		<difficult>0</difficult>
		<bndbox>
			<xmin>470</xmin>
			<ymin>475</ymin>
			<xmax>583</xmax>
			<ymax>576</ymax>
		</bndbox>
	</object>
	<object>
		<name>rusaksedang</name>
		<pose>Unspecified</pose>
		<truncated>0</truncated>
		<difficult>0</difficult>
		<bndbox>
			<xmin>429</xmin>
			<ymin>378</ymin>
			<xmax>586</xmax>
			<ymax>444</ymax>
		</bndbox>
	</object>
	<object>
		<name>rusaksedang</name>
		<pose>Unspecified</pose>
		<truncated>0</truncated>
		<difficult>0</difficult>
		<bndbox>
			<xmin>397</xmin>
			<ymin>349</ymin>
			<xmax>556</xmax>
			<ymax>570</ymax>
		</bndbox>
	</object>
	<object>
		<name>rusakberat</name>
		<pose>Unspecified</pose>
		<truncated>0</truncated>
		<difficult>0</difficult>
		<bndbox>
			<xmin>488</xmin>
			<ymin>277</ymin>
			<xmax>521</xmax>
			<ymax>316</ymax>
		</bndbox>
	</object>
	<object>
		<name>rusakberat</name>
		<pose>Unspecified</pose>
		<truncated>0</truncated>
		<difficult>0</difficult>
		<bndbox>
			<xmin>5</xmin>
			<ymin>336</ymin>
			<xmax>63</xmax>
			<ymax>373</ymax>
		</bndbox>
	</object>
</annotation>