<annotation>
	<folder>C:/Users/NeosEnom/Downloads/New folder/images</folder>
	<filename>Japan_000069.jpg</filename>
	<path>C:/Users/NeosEnom/Downloads/New folder/images/Japan_000069.jpg</path>
	<source>
		<database>unknown</database>
	</source>
	<size>
		<width>600</width>
		<height>600</height>
		<depth>3</depth>
	</size>
	<segmented>0</segmented>
	<object>
		<name>rusakringan</name>
		<pose>Unspecified</pose>
		<truncated>0</truncated>
		<difficult>0</difficult>
		<bndbox>
			<xmin>213</xmin>
			<ymin>519</ymin>
			<xmax>279</xmax>
			<ymax>600</ymax>
		</bndbox>
	</object>
</annotation>