<annotation>
	<folder>C:/Users/NeosEnom/Downloads/New folder/images</folder>
	<filename>Japan_000059.jpg</filename>
	<path>C:/Users/NeosEnom/Downloads/New folder/images/Japan_000059.jpg</path>
	<source>
		<database>unknown</database>
	</source>
	<size>
		<width>600</width>
		<height>600</height>
		<depth>3</depth>
	</size>
	<segmented>0</segmented>
	<object>
		<name>rusakringan</name>
		<pose>Unspecified</pose>
		<truncated>0</truncated>
		<difficult>0</difficult>
		<bndbox>
			<xmin>256</xmin>
			<ymin>259</ymin>
			<xmax>311</xmax>
			<ymax>337</ymax>
		</bndbox>
	</object>
	<object>
		<name>rusaksedang</name>
		<pose>Unspecified</pose>
		<truncated>0</truncated>
		<difficult>0</difficult>
		<bndbox>
			<xmin>88</xmin>
			<ymin>383</ymin>
			<xmax>383</xmax>
			<ymax>516</ymax>
		</bndbox>
	</object>
</annotation>