<annotation>
	<folder>C:/Users/NeosEnom/Downloads/New folder/images</folder>
	<filename>Japan_000037.jpg</filename>
	<path>C:/Users/NeosEnom/Downloads/New folder/images/Japan_000037.jpg</path>
	<source>
		<database>unknown</database>
	</source>
	<size>
		<width>600</width>
		<height>600</height>
		<depth>3</depth>
	</size>
	<segmented>0</segmented>
	<object>
		<name>rusakberat</name>
		<pose>Unspecified</pose>
		<truncated>0</truncated>
		<difficult>0</difficult>
		<bndbox>
			<xmin>162</xmin>
			<ymin>366</ymin>
			<xmax>264</xmax>
			<ymax>420</ymax>
		</bndbox>
	</object>
	<object>
		<name>rusakringan</name>
		<pose>Unspecified</pose>
		<truncated>0</truncated>
		<difficult>0</difficult>
		<bndbox>
			<xmin>139</xmin>
			<ymin>438</ymin>
			<xmax>308</xmax>
			<ymax>586</ymax>
		</bndbox>
	</object>
	<object>
		<name>rusaksedang</name>
		<pose>Unspecified</pose>
		<truncated>0</truncated>
		<difficult>0</difficult>
		<bndbox>
			<xmin>285</xmin>
			<ymin>371</ymin>
			<xmax>386</xmax>
			<ymax>493</ymax>
		</bndbox>
	</object>
	<object>
		<name>rusakberat</name>
		<pose>Unspecified</pose>
		<truncated>0</truncated>
		<difficult>0</difficult>
		<bndbox>
			<xmin>413</xmin>
			<ymin>436</ymin>
			<xmax>467</xmax>
			<ymax>489</ymax>
		</bndbox>
	</object>
	<object>
		<name>rusaksedang</name>
		<pose>Unspecified</pose>
		<truncated>0</truncated>
		<difficult>0</difficult>
		<bndbox>
			<xmin>486</xmin>
			<ymin>490</ymin>
			<xmax>587</xmax>
			<ymax>559</ymax>
		</bndbox>
	</object>
</annotation>