<annotation>
	<folder>C:/Users/NeosEnom/Downloads/New folder/images</folder>
	<filename>Japan_000023.jpg</filename>
	<path>C:/Users/NeosEnom/Downloads/New folder/images/Japan_000023.jpg</path>
	<source>
		<database>unknown</database>
	</source>
	<size>
		<width>1024</width>
		<height>1024</height>
		<depth>3</depth>
	</size>
	<segmented>0</segmented>
	<object>
		<name>rusaksedang</name>
		<pose>Unspecified</pose>
		<truncated>0</truncated>
		<difficult>0</difficult>
		<bndbox>
			<xmin>472</xmin>
			<ymin>200</ymin>
			<xmax>1022</xmax>
			<ymax>998</ymax>
		</bndbox>
	</object>
</annotation>