<annotation>
	<folder>C:/Users/NeosEnom/Downloads/New folder/images</folder>
	<filename>Japan_000066.jpg</filename>
	<path>C:/Users/NeosEnom/Downloads/New folder/images/Japan_000066.jpg</path>
	<source>
		<database>unknown</database>
	</source>
	<size>
		<width>600</width>
		<height>600</height>
		<depth>3</depth>
	</size>
	<segmented>0</segmented>
	<object>
		<name>rusaksedang</name>
		<pose>Unspecified</pose>
		<truncated>0</truncated>
		<difficult>0</difficult>
		<bndbox>
			<xmin>193</xmin>
			<ymin>265</ymin>
			<xmax>229</xmax>
			<ymax>311</ymax>
		</bndbox>
	</object>
	<object>
		<name>rusaksedang</name>
		<pose>Unspecified</pose>
		<truncated>0</truncated>
		<difficult>0</difficult>
		<bndbox>
			<xmin>442</xmin>
			<ymin>382</ymin>
			<xmax>547</xmax>
			<ymax>437</ymax>
		</bndbox>
	</object>
</annotation>