<annotation>
	<folder>C:/Users/NeosEnom/Downloads/New folder/images</folder>
	<filename>Japan_000062.jpg</filename>
	<path>C:/Users/NeosEnom/Downloads/New folder/images/Japan_000062.jpg</path>
	<source>
		<database>unknown</database>
	</source>
	<size>
		<width>1024</width>
		<height>1024</height>
		<depth>3</depth>
	</size>
	<segmented>0</segmented>
	<object>
		<name>rusakberat</name>
		<pose>Unspecified</pose>
		<truncated>0</truncated>
		<difficult>0</difficult>
		<bndbox>
			<xmin>501</xmin>
			<ymin>313</ymin>
			<xmax>982</xmax>
			<ymax>553</ymax>
		</bndbox>
	</object>
	<object>
		<name>rusakberat</name>
		<pose>Unspecified</pose>
		<truncated>0</truncated>
		<difficult>0</difficult>
		<bndbox>
			<xmin>9</xmin>
			<ymin>175</ymin>
			<xmax>925</xmax>
			<ymax>1018</ymax>
		</bndbox>
	</object>
</annotation>