<annotation>
	<folder>C:/Users/NeosEnom/Downloads/New folder/images</folder>
	<filename>Japan_000043.jpg</filename>
	<path>C:/Users/NeosEnom/Downloads/New folder/images/Japan_000043.jpg</path>
	<source>
		<database>unknown</database>
	</source>
	<size>
		<width>600</width>
		<height>600</height>
		<depth>3</depth>
	</size>
	<segmented>0</segmented>
	<object>
		<name>rusaksedang</name>
		<pose>Unspecified</pose>
		<truncated>0</truncated>
		<difficult>0</difficult>
		<bndbox>
			<xmin>60</xmin>
			<ymin>298</ymin>
			<xmax>186</xmax>
			<ymax>349</ymax>
		</bndbox>
	</object>
	<object>
		<name>rusakringan</name>
		<pose>Unspecified</pose>
		<truncated>0</truncated>
		<difficult>0</difficult>
		<bndbox>
			<xmin>267</xmin>
			<ymin>317</ymin>
			<xmax>421</xmax>
			<ymax>423</ymax>
		</bndbox>
	</object>
	<object>
		<name>rusakringan</name>
		<pose>Unspecified</pose>
		<truncated>0</truncated>
		<difficult>0</difficult>
		<bndbox>
			<xmin>2</xmin>
			<ymin>340</ymin>
			<xmax>124</xmax>
			<ymax>444</ymax>
		</bndbox>
	</object>
	<object>
		<name>rusakringan</name>
		<pose>Unspecified</pose>
		<truncated>0</truncated>
		<difficult>0</difficult>
		<bndbox>
			<xmin>478</xmin>
			<ymin>351</ymin>
			<xmax>585</xmax>
			<ymax>390</ymax>
		</bndbox>
	</object>
</annotation>