<annotation>
	<folder>C:/Users/NeosEnom/Downloads/New folder/images</folder>
	<filename>Japan_000019.jpg</filename>
	<path>C:/Users/NeosEnom/Downloads/New folder/images/Japan_000019.jpg</path>
	<source>
		<database>unknown</database>
	</source>
	<size>
		<width>1080</width>
		<height>1080</height>
		<depth>3</depth>
	</size>
	<segmented>0</segmented>
	<object>
		<name>rusakringan</name>
		<pose>Unspecified</pose>
		<truncated>0</truncated>
		<difficult>0</difficult>
		<bndbox>
			<xmin>51</xmin>
			<ymin>977</ymin>
			<xmax>205</xmax>
			<ymax>1054</ymax>
		</bndbox>
	</object>
</annotation>