<annotation>
	<folder>C:/Users/NeosEnom/Downloads/New folder/images</folder>
	<filename>Japan_000070.jpg</filename>
	<path>C:/Users/NeosEnom/Downloads/New folder/images/Japan_000070.jpg</path>
	<source>
		<database>unknown</database>
	</source>
	<size>
		<width>600</width>
		<height>600</height>
		<depth>3</depth>
	</size>
	<segmented>0</segmented>
	<object>
		<name>rusakringan</name>
		<pose>Unspecified</pose>
		<truncated>0</truncated>
		<difficult>0</difficult>
		<bndbox>
			<xmin>35</xmin>
			<ymin>433</ymin>
			<xmax>595</xmax>
			<ymax>559</ymax>
		</bndbox>
	</object>
	<object>
		<name>rusaksedang</name>
		<pose>Unspecified</pose>
		<truncated>0</truncated>
		<difficult>0</difficult>
		<bndbox>
			<xmin>198</xmin>
			<ymin>336</ymin>
			<xmax>231</xmax>
			<ymax>486</ymax>
		</bndbox>
	</object>
	<object>
		<name>rusaksedang</name>
		<pose>Unspecified</pose>
		<truncated>0</truncated>
		<difficult>0</difficult>
		<bndbox>
			<xmin>448</xmin>
			<ymin>376</ymin>
			<xmax>583</xmax>
			<ymax>454</ymax>
		</bndbox>
	</object>
</annotation>